{
  "input_dim": 1024,
  "hidden_dim": 256,
  "site": "resid_post",
  "position": "prompt_last",
  "layer": 18,
  "loss": [
    12.068536758422852,
    9.701595306396484,
    7.768457651138306,
    6.129337310791016,
    4.913363695144653
  ],
  "final_loss": 4.913363695144653,
  "mse": 4.2655816078186035,
  "explained_variance": 0.6525455653627188,
  "l0": 93.125,
  "dead_feature_rate": 0.609375,
  "num_examples": 16
}