{
  "model": "../TinyLoRA-GRPO-Coder/models/Qwen3-0.6B",
  "train_dataset": "synthetic_math",
  "train_n": 8,
  "eval_dataset": "heldout_synthetic_math",
  "eval_n": 5,
  "low_mode": "instant",
  "high_mode": "verify",
  "clusters": {
    "continue_ids": [
      35261,
      27163,
      16338,
      37427,
      36101,
      54525,
      65590,
      13549,
      60353,
      4389,
      48179,
      35825
    ],
    "final_ids": [
      1124,
      18,
      17,
      16
    ],
    "continue_tokens": [
      " Diagram",
      " Trace",
      " Circ",
      " Analy",
      " Logic",
      " Rational",
      " Xiao",
      " diagram",
      " ...,",
      " Mark",
      " [...]",
      " Taking"
    ],
    "final_tokens": [
      " \\",
      "3",
      "2",
      "1"
    ],
    "continue_scores": [
      13.938803672790527,
      13.754149436950684,
      13.131762504577637,
      12.748616218566895,
      12.415416717529297,
      12.315807342529297,
      12.135784149169922,
      11.907466888427734,
      11.788110733032227,
      11.704056739807129,
      11.6915922164917,
      11.66110897064209
    ],
    "final_scores": [
      -3.2377686500549316,
      -2.8954124450683594,
      -2.5085878372192383,
      -0.10523033142089844
    ],
    "continue_mean_high_prob": [
      0.0007698679692111909,
      0.00018609462131280452,
      0.0004570731252897531,
      0.0001730263902572915,
      0.00013831659452989697,
      0.00012201554636703804,
      0.00015016501129139215,
      0.00010443552309880033,
      0.0012649293057620525,
      0.000681098026689142,
      0.0017034297343343496,
      0.0002123966405633837
    ],
    "continue_mean_low_prob": [
      6.805667696063722e-10,
      1.9787120553171889e-10,
      9.055943217539664e-10,
      5.028734095802179e-10,
      5.609540609796682e-10,
      5.466734842585197e-10,
      8.054983902106017e-10,
      7.038839511253059e-10,
      9.606270445772225e-09,
      5.626034305095118e-09,
      1.4247223845131884e-08,
      1.8314385563655833e-09
    ],
    "final_mean_high_prob": [
      0.0002693136048037559,
      7.41816575100529e-06,
      1.978754880838096e-05,
      0.0002813342143781483
    ],
    "final_mean_low_prob": [
      0.006861251778900623,
      0.00013420174946077168,
      0.0002431408065604046,
      0.0003125528746750206
    ],
    "min_mean_prob": 0.0001
  },
  "conditions": [
    "low",
    "high",
    "layer18_t1",
    "layer27_t0.75",
    "layer27_t1"
  ],
  "summaries": [
    {
      "condition": "low",
      "n": 5,
      "mean_cluster_gap": -0.013686356728720029,
      "mean_continue_mass": 7.121096317064257e-08,
      "mean_final_mass": 0.013686427939683199,
      "mean_kl_vs_low": 0.0,
      "mean_answer_margin": -7.7166643142700195,
      "mean_eos_final_margin": 9.683607794658266e-08
    },
    {
      "condition": "high",
      "n": 5,
      "mean_cluster_gap": 0.005498851148877293,
      "mean_continue_mass": 0.006326815206557512,
      "mean_final_mass": 0.0008279640576802194,
      "mean_kl_vs_low": 6.899301815032959,
      "mean_answer_margin": -7.0951896667480465,
      "mean_eos_final_margin": -0.006323487261753335
    },
    {
      "condition": "layer18_t1",
      "n": 5,
      "mean_cluster_gap": 9.95114678516984e-05,
      "mean_continue_mass": 0.0019528307020664215,
      "mean_final_mass": 0.0018533192342147231,
      "mean_kl_vs_low": 5.099311351776123,
      "mean_answer_margin": -7.082968521118164,
      "mean_eos_final_margin": -0.001948825431774992
    },
    {
      "condition": "layer27_t0.75",
      "n": 5,
      "mean_cluster_gap": -0.0018694365280680358,
      "mean_continue_mass": 0.0010717991390265524,
      "mean_final_mass": 0.0029412356670945883,
      "mean_kl_vs_low": 2.5641565322875977,
      "mean_answer_margin": -7.428587913513184,
      "mean_eos_final_margin": -0.001068784890413177
    },
    {
      "condition": "layer27_t1",
      "n": 5,
      "mean_cluster_gap": 0.005498851148877293,
      "mean_continue_mass": 0.006326815206557512,
      "mean_final_mass": 0.0008279640576802194,
      "mean_kl_vs_low": 6.899301815032959,
      "mean_answer_margin": -7.0951896667480465,
      "mean_eos_final_margin": -0.006323487261753335
    }
  ],
  "rows": [
    {
      "problem_id": "heldout-000000",
      "question": "Mia has 22 tokens and gets 14 more tokens for each of 9 rounds. How many tokens does she have?",
      "gold_answer": "148",
      "condition": "low",
      "layer": null,
      "t": null,
      "continue_mass": 9.918084487026135e-08,
      "final_mass": 0.01222679577767849,
      "cluster_gap": -0.01222669659683362,
      "kl_vs_low": 0.0,
      "kl_high_vs_low": 6.8621506690979,
      "answer_token_id": 16,
      "answer_margin": -6.802064895629883,
      "eos_final_margin": 1.8330576848427094e-07
    },
    {
      "problem_id": "heldout-000000",
      "question": "Mia has 22 tokens and gets 14 more tokens for each of 9 rounds. How many tokens does she have?",
      "gold_answer": "148",
      "condition": "high",
      "layer": null,
      "t": null,
      "continue_mass": 0.006465507671236992,
      "final_mass": 0.0009378943359479308,
      "cluster_gap": 0.005527613335289061,
      "kl_vs_low": 6.8621506690979,
      "kl_high_vs_low": 6.8621506690979,
      "answer_token_id": 16,
      "answer_margin": -5.139864921569824,
      "eos_final_margin": -0.006462740588219162
    },
    {
      "problem_id": "heldout-000000",
      "question": "Mia has 22 tokens and gets 14 more tokens for each of 9 rounds. How many tokens does she have?",
      "gold_answer": "148",
      "condition": "layer18_t1",
      "layer": 18,
      "t": 1.0,
      "continue_mass": 0.0011032770853489637,
      "final_mass": 0.0024498049169778824,
      "cluster_gap": -0.0013465278316289186,
      "kl_vs_low": 5.170375823974609,
      "kl_high_vs_low": 6.8621506690979,
      "answer_token_id": 16,
      "answer_margin": -5.4029693603515625,
      "eos_final_margin": -0.0010976685536245867
    },
    {
      "problem_id": "heldout-000000",
      "question": "Mia has 22 tokens and gets 14 more tokens for each of 9 rounds. How many tokens does she have?",
      "gold_answer": "148",
      "condition": "layer27_t0.75",
      "layer": 27,
      "t": 0.75,
      "continue_mass": 0.0011724508367478848,
      "final_mass": 0.00328267365694046,
      "cluster_gap": -0.0021102228201925755,
      "kl_vs_low": 2.3827927112579346,
      "kl_high_vs_low": 6.8621506690979,
      "answer_token_id": 16,
      "answer_margin": -5.709087371826172,
      "eos_final_margin": -0.0011693670557511027
    },
    {
      "problem_id": "heldout-000000",
      "question": "Mia has 22 tokens and gets 14 more tokens for each of 9 rounds. How many tokens does she have?",
      "gold_answer": "148",
      "condition": "layer27_t1",
      "layer": 27,
      "t": 1.0,
      "continue_mass": 0.006465507671236992,
      "final_mass": 0.0009378943359479308,
      "cluster_gap": 0.005527613335289061,
      "kl_vs_low": 6.8621506690979,
      "kl_high_vs_low": 6.8621506690979,
      "answer_token_id": 16,
      "answer_margin": -5.139864921569824,
      "eos_final_margin": -0.006462740588219162
    },
    {
      "problem_id": "heldout-000001",
      "question": "Mia has 15 tokens and gets 22 more tokens for each of 11 rounds. How many tokens does she have?",
      "gold_answer": "257",
      "condition": "low",
      "layer": null,
      "t": null,
      "continue_mass": 7.282704217459468e-08,
      "final_mass": 0.02253030054271221,
      "cluster_gap": -0.022530227715670037,
      "kl_vs_low": 0.0,
      "kl_high_vs_low": 6.764806270599365,
      "answer_token_id": 17,
      "answer_margin": -6.8861236572265625,
      "eos_final_margin": 1.883460365656453e-07
    },
    {
      "problem_id": "heldout-000001",
      "question": "Mia has 15 tokens and gets 22 more tokens for each of 11 rounds. How many tokens does she have?",
      "gold_answer": "257",
      "condition": "high",